id,challenges,business_id
242a7eee-e036-4a7c-8489-c58c21428e4a,"1. Building a team from scratch: As a company with 0 employees, one of the main challenges would be hiring and building a strong team with the necessary skills and expertise in the fintech industry.<br><br>2. Ensuring compliance and security: Operating in the fintech industry requires a high level of compliance and security measures to protect customer data and financial transactions. Meeting these regulatory requirements can be a significant challenge, especially for a small and growing company.<br><br>3. Establishing credibility and trust: Being a relatively new entrant in the fintech industry, the company may face challenges in establishing credibility and trust with potential customers. Building a strong brand and reputation will require effective marketing and customer acquisition strategies.<br><br>4. Competing with established players: The fintech industry is highly competitive, with numerous established players. Breaking through the competition and attracting customers can be a challenge for a small company with limited resources.<br><br>5. Scaling operations and managing growth: As the company expands, managing growth and scaling operations will be crucial. Ensuring the company has the necessary infrastructure, processes, and systems in place to support the increased demand will be essential for success.<br><br>6. Raising capital and financial management: Funding growth and ensuring healthy financial management can be demanding for a company with ambitious revenue targets. Developing a solid financial plan and attracting investors or securing funding will be important for sustainable growth.<br><br>7. Adapting to changing industry trends and regulations: The fintech industry is constantly evolving, with new technologies and regulatory changes impacting the market. Staying up-to-date with industry trends and being adaptable to changes will be critical for long-term success.",91ead3b7-09fd-4a39-89cb-4b0057a71fda
08390e16-45ad-4081-9a7c-0acbdc2b55b7,"<p style=""text-align:start""><strong><span style=""color:rgb(31, 31, 31);""><span style=""background-color:rgb(255, 255, 255);"">Challenges for Potential Xeneta Customers:</span></span></strong></p><ul><li><p><strong><span style=""color:rgb(31, 31, 31);""><span style=""background-color:rgb(255, 255, 255);"">Cost and ROI Justification:</span></span></strong><span style=""color:rgb(31, 31, 31);""><span style=""background-color:rgb(255, 255, 255);""> While Xeneta promises cost savings and efficiency gains, the platform itself incurs a cost. Potential customers may need to carefully assess the potential ROI and justify the expense to their decision-makers.</span></span></p></li><li><p><strong><span style=""color:rgb(31, 31, 31);""><span style=""background-color:rgb(255, 255, 255);"">Data Accuracy and Trust:</span></span></strong><span style=""color:rgb(31, 31, 31);""><span style=""background-color:rgb(255, 255, 255);""> Xeneta relies on crowdsourced data from its users. Potential customers may have concerns about the accuracy and reliability of this data, particularly smaller companies who may not contribute significantly to the database.</span></span></p></li><li><p><strong><span style=""color:rgb(31, 31, 31);""><span style=""background-color:rgb(255, 255, 255);"">Adoption and Integration:</span></span></strong><span style=""color:rgb(31, 31, 31);""><span style=""background-color:rgb(255, 255, 255);""> Implementing a new data platform like Xeneta requires internal buy-in and integration with existing systems. This can be challenging for companies with complex logistics operations or limited IT resources.</span></span></p></li><li><p><strong><span style=""color:rgb(31, 31, 31);""><span style=""background-color:rgb(255, 255, 255);"">Learning Curve and Expertise:</span></span></strong><span style=""color:rgb(31, 31, 31);""><span style=""background-color:rgb(255, 255, 255);""> Utilizing Xeneta effectively requires understanding its features and how to analyze the data provided. Companies may need to invest in training or hire personnel with data analysis expertise.</span></span></p></li></ul><p style=""text-align:start""><strong><span style=""color:rgb(31, 31, 31);""><span style=""background-color:rgb(255, 255, 255);"">General Challenges for the Industry:</span></span></strong></p><ul><li><p><strong><span style=""color:rgb(31, 31, 31);""><span style=""background-color:rgb(255, 255, 255);"">Volatile Market Conditions:</span></span></strong><span style=""color:rgb(31, 31, 31);""><span style=""background-color:rgb(255, 255, 255);""> The ocean and air freight industry is prone to significant fluctuations in rates and capacity due to global economic factors, geopolitical events, and natural disasters. This can make it difficult for companies to predict costs and plan their shipping strategies.</span></span></p></li><li><p><strong><span style=""color:rgb(31, 31, 31);""><span style=""background-color:rgb(255, 255, 255);"">Port Congestion and Disruptions:</span></span></strong><span style=""color:rgb(31, 31, 31);""><span style=""background-color:rgb(255, 255, 255);""> Ongoing supply chain disruptions, including port congestion and labor shortages, can lead to delays, higher costs, and unreliable schedules.</span></span></p></li><li><p><strong><span style=""color:rgb(31, 31, 31);""><span style=""background-color:rgb(255, 255, 255);"">Sustainability Concerns:</span></span></strong><span style=""color:rgb(31, 31, 31);""><span style=""background-color:rgb(255, 255, 255);""> The environmental impact of the freight industry is a growing concern. Companies are increasingly looking for ways to reduce their carbon footprint and adopt more sustainable shipping practices.</span></span></p></li><li><p><strong><span style=""color:rgb(31, 31, 31);""><span style=""background-color:rgb(255, 255, 255);"">Technological Advancements:</span></span></strong><span style=""color:rgb(31, 31, 31);""><span style=""background-color:rgb(255, 255, 255);""> The industry is constantly evolving with new technologies like automation, blockchain, and big data. Companies need to adapt and invest in these technologies to remain competitive.</span></span></p></li></ul>",3aaec89c-440b-4224-a962-f65c7a02ff69
41ff6f18-c9fd-458d-af08-1e74442d4bdb,"1. Lack of human resources: With zero employees, the company will need to hire a capable team to handle various functions such as sales, marketing, product development, and customer support.<br><br>2. Limited budget: With a target of $60,000, the company's resources may be insufficient for hiring talented professionals, investing in technology infrastructure, or implementing effective marketing strategies.<br><br>3. Competition in the HCM industry: The HCM industry is highly competitive, with established players and innovative startups vying for market share. The company will need a unique value proposition and a strong competitive strategy to stand out from the competition.<br><br>4. Building brand awareness and establishing credibility: As a new player in the industry, the company will need to invest in marketing and PR efforts to build brand recognition and establish credibility among potential customers.<br><br>5. Scalability and sustainability: Expanding from zero to a, the company needs a scalable business model and a clear plan for long-term sustainability. This includes forecasting and managing cash flow, developing scalable processes, and aligning business objectives with customer needs.",e38faf66-c5be-465c-bb10-c49225bba818
7a1e254d-33d4-4a6e-a283-6e1f356e2fca,"1. Limited resources: With zero employees, the company may struggle with limited resources to support its growth plans. It will need to carefully allocate its budget and prioritize its activities to ensure efficient expansion.<br><br>2. Building a team: As the company aims to expand in the Sales and Marketing industry, it will need to build a skilled and dedicated team to drive its growth. Hiring and training employees will be crucial, but may also pose a challenge due to the competition for talent.<br><br>3. Establishing a brand presence: Building a brand presence and reputation in the Sales and Marketing industry can be challenging, especially for a new company. The company will need to invest in marketing and branding efforts to differentiate itself from competitors and attract customers.<br><br>4. Finding and retaining clients: Acquiring and retaining clients can be challenging in a competitive industry. The company will need to develop strong value propositions, effective sales strategies, and maintain high levels of customer satisfaction to establish long-term relationships with clients.<br><br>5. Adapting to market changes: The Sales and Marketing industry is constantly evolving, with changing customer preferences and new technology. The company will need to stay updated with industry trends, adapt its strategies to meet changing customer needs, and invest in training and development to remain competitive.",6efe55da-4025-4530-91ce-4879d2bc1976
cf823964-c7e9-4b89-ae1d-6ee51e2efe28,"<p style=""text-align:start""><span style=""color:rgb(13, 13, 13);""><span style=""background-color:rgb(255, 255, 255);"">Challenges Faced by Customers in the Recruitment Industry and Popp AI's ideal positioning:</span></span></p><ol><li><p><strong><span style=""color:var(--tw-prose-bold);""><span style=""background-color:rgb(255, 255, 255);"">Challenge: High Volume of Applications</span></span></strong></p><ul><li><p><span style=""color:rgb(13, 13, 13);""><span style=""background-color:rgb(255, 255, 255);"">Customers often struggle to efficiently process and respond to the high volume of applications received for open positions.</span></span></p></li><li><p><strong><span style=""color:var(--tw-prose-bold);""><span style=""background-color:rgb(255, 255, 255);"">Popp AI Solution</span></span></strong><span style=""background-color:rgb(255, 255, 255);"">: Offers rapid analysis and screening of thousands of candidates in under three minutes, utilizing AI to manage and prioritize applications at scale.</span></p></li></ul></li><li><p><strong><span style=""color:var(--tw-prose-bold);""><span style=""background-color:rgb(255, 255, 255);"">Challenge: Scaling Recruitment Efforts</span></span></strong></p><ul><li><p><span style=""color:rgb(13, 13, 13);""><span style=""background-color:rgb(255, 255, 255);"">Expanding recruitment capacity often means hiring more staff, which can be costly and time-consuming.</span></span></p></li><li><p><strong><span style=""color:var(--tw-prose-bold);""><span style=""background-color:rgb(255, 255, 255);"">Popp AI Solution</span></span></strong><span style=""background-color:rgb(255, 255, 255);"">: Adds the equivalent of 1.3 full-time employees (FTE) of AI capacity to the team for just 1/8th of the cost, scaling recruitment efforts economically.</span></p></li></ul></li><li><p><strong><span style=""color:var(--tw-prose-bold);""><span style=""background-color:rgb(255, 255, 255);"">Challenge: 24/7 Global Recruitment</span></span></strong></p><ul><li><p><span style=""color:rgb(13, 13, 13);""><span style=""background-color:rgb(255, 255, 255);"">Customers need to engage candidates across different time zones and languages, which is not always feasible with a human-only team.</span></span></p></li><li><p><strong><span style=""color:var(--tw-prose-bold);""><span style=""background-color:rgb(255, 255, 255);"">Popp AI Solution</span></span></strong><span style=""background-color:rgb(255, 255, 255);"">: Operates 24/7 and offers multilingual support in 90+ languages, enabling around-the-clock global recruitment without language barriers.</span></p></li></ul></li><li><p><strong><span style=""color:var(--tw-prose-bold);""><span style=""background-color:rgb(255, 255, 255);"">Challenge: Integration with Existing Systems</span></span></strong></p><ul><li><p><span style=""color:rgb(13, 13, 13);""><span style=""background-color:rgb(255, 255, 255);"">Recruitment teams often use a variety of Applicant Tracking Systems (ATS) that may not be interoperable, leading to fragmented processes.</span></span></p></li><li><p><strong><span style=""color:var(--tw-prose-bold);""><span style=""background-color:rgb(255, 255, 255);"">Popp AI Solution</span></span></strong><span style=""background-color:rgb(255, 255, 255);"">: Features over 40 ATS integrations, ensuring seamless workflow integration and minimizing disruption to existing processes.</span></p></li></ul></li><li><p><strong><span style=""color:var(--tw-prose-bold);""><span style=""background-color:rgb(255, 255, 255);"">Challenge: Recruitment Costs and ROI</span></span></strong></p><ul><li><p><span style=""color:rgb(13, 13, 13);""><span style=""background-color:rgb(255, 255, 255);"">Maintaining cost-effectiveness while ensuring a high return on investment in recruitment processes is a common concern.</span></span></p></li><li><p><strong><span style=""color:var(--tw-prose-bold);""><span style=""background-color:rgb(255, 255, 255);"">Popp AI Solution</span></span></strong><span style=""background-color:rgb(255, 255, 255);"">: Demonstrates a proven track record with an 8x ROI, as evidenced by its adoption by leading agencies like Randstad, offering a cost-efficient recruitment assistant.</span></p></li></ul></li><li><p><strong><span style=""color:var(--tw-prose-bold);""><span style=""background-color:rgb(255, 255, 255);"">Challenge: Candidate Experience and Engagement</span></span></strong></p><ul><li><p><span style=""color:rgb(13, 13, 13);""><span style=""background-color:rgb(255, 255, 255);"">In a competitive job market, maintaining a positive candidate experience is crucial but difficult to manage at scale.</span></span></p></li><li><p><strong><span style=""color:var(--tw-prose-bold);""><span style=""background-color:rgb(255, 255, 255);"">Popp AI Solution</span></span></strong><span style=""background-color:rgb(255, 255, 255);"">: Enhances candidate engagement with personalized, real-time communication, making candidates feel valued and improving overall experience.</span></p></li></ul></li><li><p><strong><span style=""color:var(--tw-prose-bold);""><span style=""background-color:rgb(255, 255, 255);"">Challenge: Bias and Diversity in Hiring</span></span></strong></p><ul><li><p><span style=""color:rgb(13, 13, 13);""><span style=""background-color:rgb(255, 255, 255);"">Companies aim to reduce unconscious bias and improve diversity in their hiring processes.</span></span></p></li><li><p><strong><span style=""color:var(--tw-prose-bold);""><span style=""background-color:rgb(255, 255, 255);"">Popp AI Solution</span></span></strong><span style=""background-color:rgb(255, 255, 255);"">: Utilizes AI to ensure objective candidate evaluations and can help re-write job descriptions to be more DEI-positive, promoting a fairer hiring process.</span></p></li></ul></li><li><p><strong><span style=""color:var(--tw-prose-bold);""><span style=""background-color:rgb(255, 255, 255);"">Challenge: Compliance and Data Security</span></span></strong></p><ul><li><p><span style=""color:rgb(13, 13, 13);""><span style=""background-color:rgb(255, 255, 255);"">Staying compliant with evolving employment laws and data security regulations is increasingly complex.</span></span></p></li><li><p><strong><span style=""color:var(--tw-prose-bold);""><span style=""background-color:rgb(255, 255, 255);"">Popp AI Solution</span></span></strong><span style=""background-color:rgb(255, 255, 255);"">: Ensures adherence to compliance standards and data protection laws, reducing the risk of non-compliance for recruitment teams.</span></p></li></ul></li></ol><p style=""text-align:start""><span style=""color:rgb(13, 13, 13);""><span style=""background-color:rgb(255, 255, 255);"">By addressing these key challenges with tailored solutions, Popp AI offers a compelling proposition to its potential customers, demonstrating a deep understanding of the industry's pain points and the capabilities to solve them effectively.</span></span></p>",44cd39f5-fc7d-4296-a883-60c0fc141595
3c971a99-6951-4849-8c5d-22332e8e0343,"<p><span style=""color:#000000;""><span style=""background-color:transparent;"">Challenge 1: Optimizing Monetization Strategies and Pricing Models</span></span></p><ul><li><p><span style=""color:#000000;""><span style=""background-color:transparent;"">Solution: Implementing advanced pricing strategies that can adapt to different customer segments and usage levels is crucial. Utilizing a comprehensive revenue management platform can aid in establishing and adjusting pricing models that resonate with the market demand.</span></span></p></li><li><p><span style=""color:#000000;""><span style=""background-color:transparent;"">RevCat Positioning: RevCat stands out by offering AI-powered revenue optimization. It helps SaaS businesses determine the most effective pricing models and subscription strategies by analyzing customer data trends and behaviors, ensuring that pricing is both competitive and aligned with the value provided.</span></span></p></li></ul><p><span style=""color:#000000;""><span style=""background-color:transparent;"">Challenge 2: Improving Customer Retention and Reducing Churn</span></span></p><ul><li><p><span style=""color:#000000;""><span style=""background-color:transparent;"">Solution: Engaging customers with personalized experiences and proactive support can prevent churn. AI-powered tools can predict churn risks and suggest actions to retain customers.</span></span></p></li><li><p><span style=""color:#000000;""><span style=""background-color:transparent;"">RevCat Positioning: With RevCat, companies can automate the detection of churn risks and implement retention strategies seamlessly. Its platform delivers personalized recommendations to enhance customer engagement, thereby reducing churn rates and fostering loyalty.</span></span></p></li></ul><p><span style=""color:#000000;""><span style=""background-color:transparent;"">Challenge 3: Gaining Data-Driven Insights for Strategic Decision-Making</span></span></p><ul><li><p><span style=""color:#000000;""><span style=""background-color:transparent;"">Solution: Harnessing the power of data analytics and reporting can illuminate customer preferences and market trends, which are essential for informed decision-making across product development, marketing, and sales.</span></span></p></li><li><p><span style=""color:#000000;""><span style=""background-color:transparent;"">RevCat Positioning: RevCat's robust analytics capabilities provide SaaS businesses with deep insights into pricing effectiveness, customer behavior, and subscription trends. This real-time data empowers companies to make strategic decisions that align with their growth objectives.</span></span></p></li></ul><p><span style=""color:#000000;""><span style=""background-color:transparent;"">Challenge 4: Scaling Revenue Operations Efficiently</span></span></p><ul><li><p><span style=""color:#000000;""><span style=""background-color:transparent;"">Solution: As a SaaS business grows, the need for scalable solutions that can manage the increasing complexity of revenue operations becomes paramount. Streamlining subscription management and automating revenue recognition processes are key to scaling efficiently.</span></span></p></li><li><p><span style=""color:#000000;""><span style=""background-color:transparent;"">RevCat Positioning: RevCat offers a scalable and secure platform that streamlines subscriber acquisition, simplifies subscription changes, and ensures accurate revenue recognition. It is designed to support SaaS businesses of all sizes, providing them with the tools they need to manage their revenue operations effectively, no matter how rapidly they grow.</span></span></p></li></ul><p><span style=""color:#000000;""><span style=""background-color:transparent;"">By leveraging RevCat's targeted solutions, SaaS businesses can directly address their most pressing challenges, from perfecting their pricing strategy to optimizing customer retention efforts. RevCat's data-driven platform ensures that businesses stay ahead of the curve, maintaining a competitive edge in a dynamic market.</span></span></p>",7d8bec7c-cd60-4ab2-9e12-785939b00775
7ad8c6d0-a8ae-4c7c-8f12-b21d04b3981e,"1. Limited resources: With zero employees, the company may struggle with limited resources to support its growth plans. It will need to carefully allocate its budget and prioritize its activities to ensure efficient expansion.<br><br>2. Building a team: As the company aims to expand in the Sales and Marketing industry, it will need to build a skilled and dedicated team to drive its growth. Attracting and hiring the right talent could be a challenge, particularly without an established reputation or brand.<br><br>3. Business development and lead generation: Expanding into a new market requires a robust business development strategy and effective lead generation techniques. Without an existing customer base or network, the company will need to focus on building partnerships, networking, and other lead generation activities.<br><br>4. Market competition: The Sales and Marketing industry is highly competitive. The company will need to differentiate itself and offer unique value propositions to attract clients and stay ahead of competitors.<br><br>5. Scaling operations: Scaling from zero to in terms of sales and marketing requires careful planning and execution. The company must be prepared to quickly adapt and scale its operations to meet the demands of a growing customer base. This might involve implementing scalable infrastructure, processes, and technology solutions.<br><br>6. Building trust and credibility: With no previous track record, the company will need to work on establishing trust and credibility with potential clients. This can be achieved through testimonials, case studies, thought leadership content, and other reputation-building activities.",cf19f78a-e0b3-4dd5-8097-3af445a409f6
69169ca8-912c-4c86-b901-707312075a5e,"<ol>
    <li>
        Challenge: Lack of expertise in retail technology development and implementation due to the lack of employees.
        <ul>
            <li>Solution: Collaborate with experienced retail technology consultants or outsource development to ensure expertise in product development and implementation. Additionally, consider hiring remote employees or freelancers specialized in retail technology.</li>
            <li>Conversity Positioning: Conversity provides a team of retail technology experts and consultants who can guide and support businesses in developing and implementing retail solutions. We offer flexible staffing options, including remote resources, to help overcome the challenge of limited internal expertise.</li>
        </ul>
    </li>
    <li>
        Challenge: Limited resources to invest in building and scaling retail technology solutions.
        <ul>
            <li>Solution: Explore grants, loans, or strategic partnerships that can provide funds for infrastructure and product development. Prioritize essential features and scalability to make the most of limited resources.</li>
            <li>Conversity Positioning: Conversity helps businesses identify and secure funding opportunities for retail technology projects. Our team ensures that limited resources are allocated effectively to deliver scalable and impactful solutions.</li>
        </ul>
    </li>
    <li>
        Challenge: Difficulty in attracting investors and customers due to the perception of being a small and unproven company.
        <ul>
            <li>Solution: Proactively showcase successful case studies, gather testimonials from satisfied customers, and establish partnerships with reputable retail brands to build credibility and trust.</li>
            <li>Conversity Positioning: Conversity supports businesses in building a strong brand reputation and establishing credibility through effective storytelling, partnerships, and customer success stories. We help overcome the challenges of being a small and unproven company in the retail technology market.</li>
        </ul>
    </li>
    <li>
        Challenge: Limited capacity to handle customer support and maintenance for retail technology products.
        <ul>
            <li>Solution: Partner with reliable third-party service providers to handle customer support and maintenance, ensuring reliable and quality service delivery.</li>
            <li>Conversity Positioning: Conversity offers comprehensive customer support and maintenance services for retail technology products. Our team ensures timely and efficient support to help businesses address the challenge of limited internal capacity.</li>
        </ul>
    </li>
    <li>
        Challenge: Challenges in keeping up with industry trends and technological advancements without a dedicated team.
        <ul>
            <li>Solution: Actively participate in industry associations, attend conferences, and engage with thought leaders to stay up to date with industry trends and technology. Consider forming strategic alliances with other companies in complementary industries.</li>
            <li>Conversity Positioning: Conversity provides businesses with access to industry insights, trends, and thought leadership. We help clients stay ahead in the rapidly evolving retail technology landscape through our network and partnerships.</li>
        </ul>
    </li>
    <li>
        Challenge: Difficulty in competing with established players in the retail technology market.
        <ul>
            <li>Solution: Focus on niche markets or develop unique and innovative features to differentiate from established competitors. Conduct thorough market research and tailor product offerings accordingly.</li>
            <li>Conversity Positioning: Conversity assists businesses in identifying and capitalizing on niche market opportunities. Our expertise in product differentiation and market analysis allows us to help clients successfully compete with established players in the retail technology market.</li>
        </ul>
    </li>
    <li>
        Challenge: Lack of a clear marketing and sales strategy to reach and acquire customers.
        <ul>
            <li>Solution: Design a targeted marketing and sales strategy that leverages digital channels, content marketing, and partnerships with influencers or industry-specific organizations. Optimize customer acquisition efforts through efficient lead generation and conversion strategies.</li>
            <li>Conversity Positioning: Conversity offers strategic marketing and sales consulting services. Our team helps businesses develop effective marketing strategies, leveraging digital platforms and partnerships to drive customer acquisition and revenue growth.",eea98755-2210-4995-a13e-9c0f824f4884
bb6d06f0-0ba8-474d-a473-2b80a5def127,"<ol>
    <li>
        Challenge: Compliance with stringent security regulations becomes a top priority for organizations operating in the Security and Compliance industry. This requires significant investment in resources, technology, and expertise.
        <ul>
            <li>Solution:
                <ul>
                    <li>Invest in a robust security infrastructure and compliance management system to ensure that all regulatory requirements are met.</li>
                    <li>Continuously update and enhance security protocols to stay ahead of emerging threats and evolving regulations.</li>
                    <li>Hire and train a dedicated team of compliance experts who can navigate complex regulatory frameworks and ensure compliance.</li>
                </ul>
            </li>
            <li>Thirdfort Positioning:
                <ul>
                    <li>Thirdfort offers advanced security and compliance solutions that enable organizations to meet stringent regulatory requirements. With a robust infrastructure and a team of experts, Thirdfort ensures that clients' sensitive data is protected, and compliance is maintained.</li>
                </ul>
            </li>
        </ul>
    </li>
    <li>
        Challenge: Building a strong reputation and credibility in the market is crucial for attracting clients who are willing to invest in security and compliance services. Trust and reliability are key challenges in this industry, especially for a company with no employees.
        <ul>
            <li>Solution:
                <ul>
                    <li>Demonstrate industry expertise and thought leadership through whitepapers, case studies, and speaking engagements at relevant conferences to build trust and credibility.</li>
                    <li>Leverage testimonials and client success stories to showcase the company's track record in delivering quality security and compliance solutions.</li>
                    <li>Obtain certifications and partnerships with recognized security organizations to add credibility and differentiate the company from competitors.</li>
                </ul>
            </li>
            <li>Thirdfort Positioning:
                <ul>
                    <li>Thirdfort establishes credibility in the market by showcasing its expertise through thought leadership content, testimonials, and partnerships with industry-leading organizations. Clients can trust Thirdfort's reliable security and compliance solutions and rely on its track record of success.</li>
                </ul>
            </li>
        </ul>
    </li>
    <li>
        Challenge: Scaling operations and expanding the business amidst the rising demand for security and compliance services requires a well-defined growth strategy. This includes hiring a skilled workforce, implementing scalable processes, and investing in technology infrastructure.
        <ul>
            <li>Solution:
                <ul>
                    <li>Develop a growth strategy that includes hiring the right talent to handle increased demand and expanding operations into new markets.</li>
                    <li>Implement scalable processes and automation to streamline operations and improve efficiency.</li>
                    <li>Invest in technology infrastructure to support growth and provide secure and compliant solutions to a larger client base.</li>
                </ul>
            </li>
            <li>Thirdfort Positioning:
                <ul>
                    <li>Thirdfort's growth strategy focuses on hiring skilled professionals, implementing efficient processes, and leveraging technology to provide scalable security and compliance solutions. By expanding operations and investing in infrastructure, Thirdfort is equipped to meet the rising demand for its services.</li>
                </ul>
            </li>
        </ul>
    </li>
    <li>
        Challenge: Staying ahead of evolving security threats and keeping up with dynamic compliance requirements demands ongoing research and development. This is particularly challenging for a startup or a company with limited resources.
        <ul>
            <li>Solution:
                <ul>
                    <li>Allocate resources and budget for research and development to stay updated on security threats and compliance requirements.</li>
                    <li>Invest in partnerships with technology providers and industry experts to gain access to the latest security and compliance solutions.</li>
                    <li>Continuously assess and enhance internal processes and technologies to align with evolving industry standards.</li>
                </ul>
            </li>
            <li>Thirdfort Positioning:
                <ul>
                    <li>Thirdfort's commitment to research and development allows them to stay ahead of evolving security threats and compliance requirements. By partnering with industry experts and leveraging cutting-edge technologies, Thirdfort offers innovative solutions that address the dynamic needs of the security and compliance industry.</li>
                </ul>
            </li>
        </ul>
    </li>
    <li>
        Challenge: Establishing strategic partnerships and alliances with industry leaders, technology providers, and regulatory bodies can help overcome barriers to market entry and foster business growth in the Security and Compliance industry.
        <ul>
            <li>Solution:
                <ul>
                    <li>Identify potential partners and alliances that can provide expertise, resources, and market access.</li>
                    <li>Develop mutually beneficial partnerships that offer value to both parties and help overcome market entry barriers.</li>
                    <li>Engage with regulatory bodies to stay informed about industry changes and contribute to the development of compliance standards.",41fcddbe-8f8d-4d09-8aa2-27ba57e09270
fddff716-e885-40a2-af2a-c401cd046169,"<ol>
    <li>
        Challenge: Building a team
        <ul>
            <li>Solution: Offering competitive salaries and benefits to attract top talent. Creating a positive work culture and providing opportunities for professional growth and development. Partnering with universities and offering internships or co-op programs to build a talent pipeline.</li>
            <li>Positioning: Dtime positions itself as a company that values talent and invests in the growth and development of its employees. By fostering a positive work environment and offering competitive compensation and growth opportunities, Dtime attracts skilled professionals in the Business Intelligence and Analytics industry.</li>
        </ul>
    </li>
    <li>
        Challenge: Product development and market positioning
        <ul>
            <li>Solution: Conducting market research to understand customer needs and industry trends. Investing in R&D to develop innovative features and functionalities. Creating a compelling value proposition and effective marketing messaging to communicate the unique benefits of your product.</li>
            <li>Positioning: Dtime positions itself as a tech-savvy company that stays ahead of market trends and customer needs. By continuously investing in research and development, Dtime develops robust and innovative BI and analytics solutions that differentiate from competitors and meet the evolving demands of the market.</li>
        </ul>
    </li>
    <li>
        Challenge: Scaling customer acquisition
        <ul>
            <li>Solution: Identifying and targeting specific customer segments that align with your product's value proposition. Leveraging digital marketing channels, such as SEO, content marketing, and social media advertising, to generate leads. Implementing a sales process that effectively converts leads into paying customers, such as lead nurturing and sales automation.</li>
            <li>Positioning: Dtime positions itself as a customer-centric company that understands the unique needs of its target market. By employing data-driven marketing strategies and a seamless sales process, Dtime efficiently acquires and converts leads. Dtime's analytics solutions prove indispensable to customers, driving revenue growth.</li>
        </ul>
    </li>
    <li>
        Challenge: Navigating the competitive landscape
        <ul>
            <li>Solution: Conducting a thorough competitive analysis to identify the strengths and weaknesses of competitors. Differentiating through unique features, superior customer service, or industry-specific expertise. Continuously monitoring the market and adapting the business strategy accordingly.</li>
            <li>Positioning: Dtime positions itself as a market leader with its cutting-edge BI and analytics solutions. Dtime's comprehensive competitive analysis enables the company to stay ahead of industry trends, adapt its offerings, and provide superior customer support. Dtime's expertise and constant innovation set it apart from competitors.</li>
        </ul>
    </li>
    <li>
        Challenge: Ensuring data security and compliance
        <ul>
            <li>Solution: Implementing robust security measures to protect customer data. Ensuring compliance with regulations like GDPR through data encryption, access controls, and regular security audits. Providing transparent data handling practices and privacy policies to build trust with customers.</li>
            <li>Positioning: Dtime positions itself as a trusted partner that prioritizes data security and compliance. By implementing stringent security measures and following industry best practices, Dtime ensures the confidentiality and integrity of customer data. Dtime's commitment to data privacy and compliance builds long-term trust and relationships with customers.</li>
        </ul>
    </li>
    <li>
        Challenge: Building long-term customer relationships and retention
        <ul>
            <li>Solution: Building strong customer relationships through personalized support and continuous communication. Providing regular product updates and enhancements based on customer feedback. Utilizing customer success strategies to drive adoption and usage of Dtime's solutions.</li>
            <li>Positioning: Dtime positions itself as a customer-centric company that goes above and beyond to support its clients. By providing exceptional customer service, continuous product improvements, and personalized guidance, Dtime fosters long-term relationships with customers. Dtime's solutions become an integral part of customers' business strategies, driving customer satisfaction and retention.</li>
        </ul>
    </li>
    <li>
        Challenge: Adapting to industry trends and technological advancements
        <ul>
            <li>Solution: Monitoring industry trends and investing in research and development to stay ahead of the curve. Embracing emerging technologies and incorporating them into Dtime's solutions. Continuously learning and upskilling to ensure the team's expertise matches the evolving needs of the market.</li>
            <li>Positioning: Dtime positions itself as an industry leader that constantly evolves with the changing landscape of BI and analytics. By staying at the forefront of technological advancements and investing in the team's skills, Dtime ensures its solutions are up-to-date and meet the future needs of customers. Dtime's commitment to innovation and adaptability sets it apart from competitors.",7e5cb85a-ad85-4b2d-9e7d-9763281c8f8e
7010bda2-be4e-4614-a3f9-ca53a954afb2,"<ol><li><p>Challenge: Building a strong sales and marketing team from scratch can be a daunting task.</p><ul><li><p>Solution: Collaborate with an outsourced sales and marketing agency to leverage their expertise and resources in recruiting and training a high-performing team.</p></li><li><p>SalesSourcers Position: SalesSourcers offers comprehensive outsourced sales and marketing solutions, including recruiting and training top-performing teams. We provide the expertise and resources needed to build a strong sales and marketing team from scratch, allowing you to focus on core business activities.</p></li></ul></li><li><p>Challenge: Implementing effective marketing strategies and generating quality leads requires specialized skills and resources.</p><ul><li><p>Solution: Invest in marketing automation software and collaborate with a marketing agency that specializes in lead generation to optimize your marketing efforts and drive quality leads.</p></li><li><p>SalesSourcers Position: SalesSourcers provides cutting-edge marketing automation software and partners with specialized lead generation agencies to help you implement effective marketing strategies. Our solutions ensure that you generate quality leads to fuel your sales pipeline.</p></li></ul></li><li><p>Challenge: Scaling marketing efforts and managing multiple sales channels can be overwhelming for a small team.</p><ul><li><p>Solution: Explore software solutions that enable scalable marketing automation across multiple channels and consider partnering with sales channel partners to expand your reach.</p></li><li><p>SalesSourcers Position: SalesSourcers offers scalable marketing automation solutions that streamline your marketing efforts across multiple channels. Additionally, our network of sales channel partners expands your reach and helps you efficiently manage and grow your sales operations.</p></li></ul></li><li><p>Challenge: Generating sufficient revenue to meet the target can be challenging, especially in a competitive industry.</p><ul><li><p>Solution: Conduct regular market research to identify new revenue streams, optimize pricing strategies, and invest in customer retention initiatives to increase customer lifetime value.</p></li><li><p>SalesSourcers Position: SalesSourcers assists in revenue generation with comprehensive market research services that identify new revenue streams. We also provide expertise in pricing optimization and help you implement customer retention initiatives to maximize customer lifetime value and meet revenue targets.</p></li></ul></li><li><p>Challenge: Balancing cost-effective marketing tactics with the need for quick and significant revenue growth is crucial.</p><ul><li><p>Solution: Implement a data-driven approach by analyzing marketing metrics and customer behavior to identify the most cost-effective channels and campaigns. Consider A/B testing and continuous optimization to improve ROI and revenue generation.</p></li><li><p>SalesSourcers Position: SalesSourcers empowers your marketing strategies by leveraging data-driven insights. Our analytics tools enable you to identify cost-effective marketing channels and campaigns, ensuring a balance between efficiency and revenue growth. Additionally, our optimization techniques, including A/B testing, help maximize ROI and drive significant revenue growth.</p></li></ul></li></ol>",0cfdfe5d-0557-494f-b75b-5682d9da2360
d5175355-0397-4b3b-b279-bc24aa649c49,"<ol>
    <li>
        Challenge: Setting up and managing HR processes and compliance with minimal resources
        <ul>
            <li>Solution: Implement an HR software or tools that automate HR processes and ensure compliance with labor laws and regulations.</li>
            <li>HRoes Positioning: Comprehensive HCM solutions for small businesses: Empower small businesses with a full suite of HR tools and services to streamline their HR processes and drive organizational success.<br><br>Proactive HR support and compliance: Offer proactive HR guidance and support, including compliance management, to help businesses navigate complex HR issues and reduce legal risks.</li>
        </ul>
    </li>
    
    <li>
        Challenge: Ensuring efficient onboarding and training for new employees
        <ul>
            <li>Solution: Develop a comprehensive onboarding program that includes pre-employment documentation, company policies, job training, and mentorship opportunities.</li>
            <li>HRoes Positioning: Comprehensive HCM solutions for small businesses: Empower small businesses with a full suite of HR tools and services to streamline their HR processes and drive organizational success.<br><br>Scalable HCM solutions for growth: Support the HR needs of growing businesses with scalable HCM solutions that can adapt to changing workforce demands and business requirements.</li>
        </ul>
    </li>
    
    <li>
        Challenge: Finding and retaining top talent in a competitive job market
        <ul>
            <li>Solution: Create a strong employer brand and an employee referral program to attract top talent. Invest in employee development and engagement programs to retain skilled employees.</li>
            <li>HRoes Positioning: Comprehensive HCM solutions for small businesses: Empower small businesses with a full suite of HR tools and services to streamline their HR processes and drive organizational success.<br><br>Employee engagement and talent development solutions: Help businesses foster employee engagement and growth through talent development programs, performance management tools, and employee satisfaction initiatives.</li>
        </ul>
    </li>
    
    <li>
        Challenge: Streamlining payroll and benefits administration processes
        <ul>
            <li>Solution: Utilize a cloud-based payroll and benefits administration solution to streamline processes, reduce errors, and minimize administrative burden.</li>
            <li>HRoes Positioning: Comprehensive HCM solutions for small businesses: Empower small businesses with a full suite of HR tools and services to streamline their HR processes and drive organizational success.<br><br>Integrated HCM platform for seamless workforce management: Deliver an integrated HCM platform that centralizes employee data, streamlines HR workflows, and enables data-driven decision-making.",4a5b339b-41f3-4fd4-b0a5-c12455401fe0
b8f08f5e-50c8-4994-abd8-c54662bb206c,"<ol><li><p>Challenge: Limited resources and expertise in implementing and managing Business Intelligence and Analytics solutions.</p><ul><li><p>Solution: Outsource BI &amp; analytics implementation and management to a third-party vendor or consulting firm. Provide training and upskilling programs for existing staff to enhance their BI and analytics capabilities. Implement low-code or no-code BI tools to simplify the implementation and management process.</p></li><li><p>Demo Positioning: Position Demo as the leading provider of advanced analytics solutions with a focus on data-driven business intelligence. Leverage Demo's expertise in machine learning and artificial intelligence to deliver cutting-edge analytics tools that drive actionable insights. Showcasing Demo's industry-specific solutions to address the unique challenges faced by businesses in sectors such as finance, healthcare, and e-commerce.</p></li></ul></li><li><p>Challenge: Difficulty in extracting and analyzing actionable insights from vast amounts of data.</p><ul><li><p>Solution: Employ data scientists or analysts skilled in data analysis and interpretation. Utilize advanced data analytics tools and techniques such as machine learning and predictive analytics. Establish clear business goals and define key performance indicators to guide the analysis process.</p></li><li><p>Demo Positioning: Position Demo as a provider of advanced analytics tools that help businesses extract and analyze actionable insights from their data. Highlight Demo's expertise in machine learning and predictive analytics to enable data-driven decision-making. Showcase Demo's data visualization capabilities for intuitive and interactive exploration of insights.</p></li></ul></li><li><p>Challenge: Inefficient data collection and integration processes, leading to data quality issues.</p><ul><li><p>Solution: Invest in a robust data collection and integration system with automated processes. Implement data cleansing and validation techniques to ensure data quality. Create a data governance framework to set standards and protocols for data collection and integration.</p></li><li><p>Demo Positioning: Highlight Demo's data integration and management solutions that streamline data collection processes and ensure data quality. Showcase Demo's data cleansing and validation capabilities to enhance data accuracy. Emphasize Demo's commitment to data governance and compliance with industry standards.</p></li></ul></li><li><p>Challenge: Lack of real-time reporting and data visualization capabilities for quick and informed decision-making.</p><ul><li><p>Solution: Adopt real-time reporting and visualization tools that provide instant insights. Implement dashboard and reporting automation to streamline the reporting process. Use interactive and dynamic visualizations to facilitate data exploration and decision-making.</p></li><li><p>Demo Positioning: Position Demo's real-time reporting and visualization tools as essential for quick and informed decision-making. Showcase how Demo's dashboard and reporting automation capabilities enable businesses to access up-to-date insights. Highlight Demo's interactive and dynamic visualizations that enhance data exploration and understanding.</p></li></ul></li><li><p>Challenge: Challenges in ensuring data security and compliance with industry regulations.</p><ul><li><p>Solution: Implement robust data security measures, such as encryption and access controls. Regularly conduct security audits and vulnerability assessments to identify and mitigate risks. Stay updated with industry regulations and compliance requirements and incorporate them into data security protocols.</p></li><li><p>Demo Positioning: Emphasize Demo's commitment to data security and privacy. Showcase Demo's robust data security measures, including encryption and access controls. Highlight Demo's adherence to industry regulations and compliance requirements, providing customers with peace of mind in handling sensitive information.</p></li></ul></li></ol>",f1b3d76f-793f-44b7-bab0-4d4b5cd87644
0854430a-717b-4ba0-94f1-136786241477,"<ol>
<li>
Challenge: Limited resources and expertise in implementing retail technology solutions could impede business growth and hinder the ability to compete with larger retailers in the industry.
<ul>
<li>Solution: Partner with retail technology experts or outsource technology implementation to ensure efficient and effective implementation of retail solutions, including point-of-sale systems, inventory management, and customer relationship management tools.</li>
<li>Age Group Positioning:
<ul>
<li>Position Age Group as the leading provider of innovative Retailtech solutions tailored for small and medium-sized businesses.</li>
<li>Emphasize Age Group's user-friendly interfaces and seamless integration with existing retail systems to attract tech-savvy, cost-conscious retailers.</li>
<li>Leverage Age Group's agile development processes to offer customizable solutions that meet specific business needs and drive customer loyalty.</li>
<li>Showcase Age Group's track record of successful implementations and demonstrate how our solutions have helped retailers increase sales and improve overall operational efficiency.</li>
</ul>
</li>
</ul>
</li>
<li>
Challenge: Lack of operational efficiency and automation could result in increased costs and customer dissatisfaction.
<ul>
<li>Solution: Invest in automation and operational tools to streamline processes, reduce manual tasks, and improve overall efficiency. This includes adopting inventory management systems, automated order fulfillment processes, and customer support tools.</li>
<li>Age Group Positioning:
<ul>
<li>Position Age Group as a provider of comprehensive retail automation solutions, offering a wide range of tools to enhance operational efficiency.</li>
<li>Highlight Age Group's user-friendly interfaces and seamless integration capabilities to ensure a smooth transition to automated processes.</li>
<li>Emphasize the cost-saving benefits and improved customer satisfaction that Age Group's automation solutions provide.</li>
<li>Showcase Age Group's successful track record of helping businesses reduce costs and improve operational performance through automation.</li>
</ul>
</li>
</ul>
</li>
<li>
Challenge: Cybersecurity threats and compliance requirements are becoming more sophisticated, and smaller businesses may struggle to protect customer data adequately.
<ul>
<li>Solution: Implement rigorous cybersecurity measures such as employing data encryption, regular security audits, and staff training on security best practices. Consider partnering with a cybersecurity provider to ensure comprehensive protection and compliance with industry regulations.</li>
<li>Age Group Positioning:
<ul>
<li>Position Age Group as a reliable and trusted provider of cybersecurity solutions specifically designed for small and medium-sized retailers.</li>
<li>Highlight Age Group's commitment to data security and compliance, emphasizing features such as encryption, secure payment processing, and regular security updates.</li>
<li>Showcase Age Group's partnerships with leading cybersecurity providers to offer comprehensive protection against evolving threats.</li>
<li>Emphasize Age Group's role in helping businesses navigate and comply with industry regulations, ensuring customer data is protected.</li>
</ul>
</li>
</ul>
</li>
<li>
Challenge: Inconsistent customer experiences across various touchpoints can impact customer loyalty and retention.
<ul>
<li>Solution: Develop an omnichannel strategy to ensure consistent experiences across all customer touchpoints. This includes optimizing the website for mobile devices, integrating online and offline sales channels, and providing seamless customer support across all platforms. Regularly collect and analyze customer feedback to identify areas for improvement and optimize the overall customer experience.</li>
<li>Age Group Positioning:
<ul>
<li>Position Age Group as a provider of integrated omnichannel solutions that enable businesses to deliver consistent experiences across all customer touchpoints.</li>
<li>Highlight Age Group's expertise in developing mobile-responsive websites and integrating online and offline sales channels for a seamless customer journey.</li>
<li>Showcase Age Group's customer support tools that ensure consistent and personalized assistance across various platforms.</li>
<li>Emphasize the importance of customer feedback and how Age Group's solutions help businesses gather and analyze data to improve the overall customer experience.",fba7722c-eb6e-4ee6-b065-a75b3b478a16
6cfa40ee-56be-4aa7-a3b8-5b3da9cc8d9f,"<ol><li><p>Challenge: Setting up and managing a robust business intelligence and analytics infrastructure can be overwhelming for a small team.</p><ul><li><p>Solution: Use cloud-based business intelligence platforms like Google Analytics or Microsoft Power BI that provide a robust analytics infrastructure without the need for extensive setup and maintenance. These platforms offer user-friendly interfaces and scalable solutions for small teams.</p></li><li><p>Data Gardener Positioning: Comprehensive Business Intelligence Solutions for SMBs: Empower small and medium-sized businesses with our user-friendly and affordable BI tools.</p></li></ul></li><li><p>Challenge: Lack of resources and expertise may hinder effective data analysis and decision-making processes.</p><ul><li><p>Solution: Invest in training and upskilling the existing team members in data analysis and decision-making processes. Alternatively, consider outsourcing data analysis to specialized firms or consultants who can provide expertise on a project basis.</p></li><li><p>Data Gardener Positioning: Analytical Expertise for Data-Driven Decision-Making: Enable organizations to make informed business decisions by leveraging our advanced analytics capabilities.</p></li></ul></li><li><p>Challenge: Scaling up operations while maintaining high-quality data analytics can be challenging and resource-intensive.</p><ul><li><p>Solution: Implement automated data collection processes and integrate data sources using tools like Zapier or Segment. This reduces the manual effort required for data analysis and ensures high-quality and up-to-date data for decision-making. Additionally, consider partnering with data management companies who provide scalable solutions and support services as the business grows.</p></li><li><p>Data Gardener Positioning: Scalable BI Solutions for Future Growth: Support businesses in their expansion plans by offering scalable and flexible BI solutions that grow with their needs.</p></li></ul></li></ol>",a467f0d0-3d73-4214-b20a-938fe3c8d2dc
b335f2c4-dc2d-4f08-baa5-f7730488ea08,"<ol><li><p>Challenge: Data Analysis and Reporting</p><ul><li><p>Solution: Implement a user-friendly and intuitive analytics platform that offers a wide range of pre-built dashboards, reports, and data visualizations. Include advanced analytics capabilities like machine learning and predictive analytics to help customers derive valuable insights from their data easily.</p></li><li><p>Mpowa Positioning: Specialize in AI-powered data analytics to help businesses make data-driven decisions and gain a competitive edge. Our analytics platform offers a user-friendly interface with pre-built dashboards and advanced analytics features, enabling customers to derive valuable insights from their data effortlessly.</p></li></ul></li><li><p>Challenge: Data Integration and Management</p><ul><li><p>Solution: Offer a robust data integration and management solution that can connect with various data sources, perform automated data cleansing and transformation, and ensure data accuracy and consistency. Provide features like data lineage and data quality checks to help customers trust the integrity of their data.</p></li><li><p>Mpowa Positioning: Ensure seamless data integration and management with our advanced platform. We provide data connectors that can connect with diverse data sources and perform automated data cleansing and transformation. Our solution ensures data accuracy, consistency, and provides features like data lineage and quality checks for data integrity.</p></li></ul></li><li><p>Challenge: Scalability and Performance</p><ul><li><p>Solution: Adopt a scalable and high-performance analytics infrastructure that can handle large volumes of data and deliver quick query response times. Leverage technologies like distributed computing, in-memory processing, and parallelization to ensure efficient real-time data processing and analysis.</p></li><li><p>Mpowa Positioning: Scale your data analytics effortlessly with our high-performance infrastructure. Our platform is equipped with distributed computing, in-memory processing, and parallelization technologies, ensuring quick query response times and efficient real-time data processing.</p></li></ul></li><li><p>Challenge: Data Security and Compliance</p><ul><li><p>Solution: Implement comprehensive security features such as data encryption at rest and in transit, along with multi-factor authentication and access controls. Ensure compliance with data protection regulations like GDPR and CCPA, and regularly conduct security audits and assessments.</p></li><li><p>Mpowa Positioning: Trust the security of your data with our advanced security measures. We provide data encryption at rest and in transit, multi-factor authentication, and rigorous access controls. Our platform complies with industry-standard data protection regulations and undergoes regular security audits and assessments.</p></li></ul></li><li><p>Challenge: Customizable and Interactive Dashboards</p><ul><li><p>Solution: Provide a drag-and-drop dashboard builder with a wide range of visualization options and customization features. Allow customers to personalize their dashboards by adding or removing widgets, applying filters, and creating interactive elements like drill-downs and data exploration functionalities.</p></li><li><p>Mpowa Positioning: Customize and interact with data effortlessly through our flexible dashboard builder. Our platform offers a user-friendly interface for creating dashboards with various visualization options and customization features. Customers can personalize their dashboards by adding widgets, applying filters, and exploring data interactively.</p></li></ul></li></ol>",1972713a-0da8-4de3-9f1e-e292f177b590
b0c39a14-0eda-4ac7-b55f-09adb852d95f,"<ol>
    <li>
        Challenge: How to generate leads and prospects with zero employees? 
        <ul>
            <li>Solution: Implementing marketing automation tools for lead generation and nurturing, such as email campaigns and content marketing.</li>
            <li>Utilizing social media platforms and digital advertising to reach a wider audience and promote products/services.</li>
            <li>Position: Dynamic and Cost-effective Sales and Marketing Solutions for Small Businesses: We help small businesses achieve their sales and marketing goals with our efficient and affordable online tools and strategies.</li>
        </ul>
    </li>
    <li>
        Challenge: How to build a strong sales and marketing strategy with limited resources? 
        <ul>
            <li>Solution: Prioritize activities that have a high ROI and low cost, such as leveraging social media platforms, optimizing website for search engines, and investing in content marketing.</li>
            <li>Outsource certain marketing activities to specialized agencies or freelancers to maximize expertise and minimize costs.</li>
            <li>Position: Streamlined Lead Generation and Conversion for Sales Teams: Our platform empowers sales teams with advanced lead generation and conversion features, enabling them to increase their efficiency and close deals faster.</li>
        </ul>
    </li>
    <li>
        Challenge: How to scale up and expand while maintaining a cost-effective approach? 
        <ul>
            <li>Solution: Use cloud-based software and platforms that can easily be expanded as the business grows.</li>
            <li>Outsource certain marketing activities to specialized agencies or freelancers to access professional services without the costs associated with hiring full-time employees.</li>
            <li>Position: Integrated Marketing Automation Platform for Seamless Campaign Execution: Q-ONLINE's all-in-one marketing automation software simplifies campaign planning, execution, and measurement, enabling businesses to drive results and maximize ROI.",223859f6-2334-4201-bc91-137ba0eeb2c1
14a6da7c-ebb9-4682-91d5-8a33fca84b6e,"<ol>
    <li>
        Challenge: Data Analysis and Reporting 
        <ul>
            <li>Solution: Implement a user-friendly and intuitive analytics tool with built-in data visualization                         capabilities. Provide pre-built templates and drag-and-drop features to simplify data analysis                         and reporting for users with limited expertise.</li>
            <li>Trebel Positioning: Trebel specializes in providing an easy-to-use and efficient analytics solution                     that empowers customers to derive valuable insights from their data. Our platform offers                         user-friendly data visualization tools and pre-built templates for streamlined analysis and                     reporting.</li>
        </ul>
    </li>
    <li>
        Challenge: Data Integration and Management 
        <ul>
            <li>Solution: Offer a robust data integration and ETL (Extract, Transform, Load) tool that can handle                         multiple data sources and formats. Provide automated data cleansing and transformation                         features to ensure data accuracy and consistency.</li>
            <li>Trebel Positioning: Trebel provides a powerful data integration and management platform that                             effortlessly handles disparate data sources and formats. Our automated data cleansing and                         transformation capabilities ensure accuracy and consistency, enabling customers to                             confidently make decisions based on reliable data.</li>
        </ul>
    </li>
    <li>
        Challenge: Scalability and Performance 
        <ul>
            <li>Solution: Build a scalable and high-performance analytics platform using technologies like cloud                         computing and distributed processing. Optimize data storage and retrieval techniques to                         deliver fast query response times and real-time data processing.</li>
            <li>Trebel Positioning: Trebel delivers a scalable and high-performance analytics platform powered by                             cloud computing and distributed processing. Our optimized data storage and retrieval                         techniques guarantee quick query response times and efficient real-time data processing,                         enabling customers to analyze and act on their data in a timely manner.</li>
        </ul>
    </li>
    <li>
        Challenge: Data Security and Compliance 
        <ul>
            <li>Solution: Implement stringent security measures such as data encryption, access controls, and user                         authentication. Obtain relevant certifications (e.g., SOC 2, GDPR) to ensure compliance                         with data privacy regulations. Regularly audit and monitor security protocols to maintain                         data integrity.</li>
            <li>Trebel Positioning: At Trebel, data security and compliance are our utmost priorities. We                             implement industry-standard security measures like data encryption, access controls, and                         user authentication to protect customer data. Our platform is compliant with leading                         industry certifications, and we conduct regular audits to ensure data integrity and                         maintain customers' trust.</li>
        </ul>
    </li>
    <li>
        Challenge: Customizable and Interactive Dashboards 
        <ul>
            <li>Solution: Develop a self-service dashboarding tool that allows users to customize their                             dashboards easily. Provide a wide range of interactive visualization options and                         allow users to drill down into the data for deeper insights. Ensure that the                         dashboarding solution requires minimal IT involvement for customization.</li>
            <li>Trebel Positioning: Trebel offers a self-service dashboarding tool that empowers customers to                             create and customize their dashboards effortlessly. Our platform provides a rich set of                         interactive visualization options for enhanced data exploration, enabling users to                             unlock actionable insights. With minimal IT involvement required, customers can                             tailor their dashboards to their specific needs.",bd197c70-71cf-49ac-921d-780874199cdb
